﻿<?xml version="1.0" encoding="utf-8"?>
<superheroes>
  <superhero id="1">
    <name>Batman</name>
    <secretIdentity>Bruce Wayne</secretIdentity>
    <alignment>Good</alignment>
    <powers>
      <power>Utility belt</power>
      <power>Intelligence</power>
      <power>Martial arts</power>
    </powers>
    <city>Gotham, USA, Earth</city>
  </superhero>
  <superhero id="2">
    <name>Nightwing</name>
    <secretIdentity>Dick Grayson</secretIdentity>
    <alignment>Good</alignment>
    <powers>
      <power>Martial arts</power>
      <power>Acrobatics</power>
    </powers>
    <city>Gotham, USA, Earth</city>
  </superhero>
  <superhero id="5">
    <name>The Joker</name>
    <secretIdentity>Unknown</secretIdentity>
    <alignment>Evil</alignment>
    <powers>
      <power>Crazy</power>
      <power>Much evil</power>
    </powers>
    <city>Gotham, USA, Earth</city>
  </superhero>
</superheroes>