{
  "users": [
    {
      "username": "Doncho",
      "password": "1234",
      "usernameToLower": "doncho",
      "id": "73a58989-5107-46e8-b781-4380f6c1c0b1",
      "authKey": "1miUIcFiq4_gueIE6QT5kHYK0woshtAKMGpqAi1H",
      "userMaterials": [
        {
          "id": "dd707118-fbb0-45e7-b95f-c4ee9c90a6c9",
          "title": "book #1",
          "category": "want-to-watch"
        },
        {
          "id": "bde2acbc-0bc2-43d2-a46a-4d3deb0eb7b3",
          "title": "book #2",
          "category": "want-to-watch"
        }
      ]
    },
    {
      "username": "Doncho3",
      "password": "1123123234",
      "usernameToLower": "doncho3",
      "id": "9b7cce23-db27-43ed-9711-02af4d5c69da"
    },
    {
      "username": "johnnybravo",
      "password": "mypass123",
      "usernameToLower": "johnnybravo",
      "id": "eb02cdd1-8df6-4288-9ea6-4de841cc7057"
    },
    {
      "username": "konnyk",
      "password": "1234567",
      "usernameToLower": "konnyk",
      "id": "2caa8881-302c-45e0-a68e-f3f20414b4cc"
    },
    {
      "username": "123456",
      "password": "123456",
      "usernameToLower": "123456",
      "id": "0f0cc80c-655f-49ee-8974-006daf0d20eb",
      "authKey": "7SFJs-ZaRDeaRyrum!H0RuyFbD0k!4qlGcB26WP5"
    },
    {
      "username": "1234567",
      "password": "1234567",
      "usernameToLower": "1234567",
      "id": "1debae0d-a158-4a78-a276-c63bc29e307a",
      "authKey": "lsifM2!9TBho3M5Pw!2xfT5R8qbmBCyxj4IaOEX_"
    },
    {
      "username": "12345678",
      "password": "12345678",
      "usernameToLower": "12345678",
      "id": "df325ca7-b350-42a8-aa15-3993c4590143",
      "authKey": "1b-l29u)-I9ND7VoQbprmMVBLDJEVj!vKJR_h2vs"
    },
    {
      "username": "123123",
      "password": "123123",
      "usernameToLower": "123123",
      "id": "039d910a-b114-40fe-bc19-2afe1a402645",
      "authKey": "3SIkJ1_Y02s!LHJncGwchQJ_oqbZSQsoX_Sl12vb",
      "userMaterials": [
        {
          "id": "f6270540-4a1a-465b-8935-f34dd9108fc6",
          "title": "another new material",
          "category": "watched"
        }
      ]
    }
  ],
  "materials": [
    {
      "title": "book #1",
      "description": "The name of the wind",
      "createdOn": "2016-09-28T12:50:13.612Z",
      "rating": 0,
      "comments": [],
      "user": {
        "id": "73a58989-5107-46e8-b781-4380f6c1c0b1",
        "username": "Doncho"
      },
      "id": "dd707118-fbb0-45e7-b95f-c4ee9c90a6c9"
    },
    {
      "title": "book #2",
      "description": "JavaScript: The good parts",
      "createdOn": "2016-09-28T12:50:13.679Z",
      "rating": 0,
      "comments": [],
      "user": {
        "id": "73a58989-5107-46e8-b781-4380f6c1c0b1",
        "username": "Doncho"
      },
      "id": "bde2acbc-0bc2-43d2-a46a-4d3deb0eb7b3"
    },
    {
      "title": "The The tHE...",
      "description": "description of book #$i",
      "createdOn": "2016-09-28T12:50:14.271Z",
      "rating": 0,
      "comments": [],
      "user": {
        "id": "73a58989-5107-46e8-b781-4380f6c1c0b1",
        "username": "Doncho"
      },
      "id": "669158cb-63d3-4237-b29f-e7448f65c87f"
    },
    {
      "title": "book #4",
      "description": "description of book #$i",
      "createdOn": "2016-09-28T12:50:14.365Z",
      "rating": 0,
      "comments": [],
      "user": {
        "id": "73a58989-5107-46e8-b781-4380f6c1c0b1",
        "username": "The poet"
      },
      "id": "c042961f-0661-4381-9be9-5de824af2766"
    },
    {
      "title": "book #5",
      "description": "description of book #$i",
      "createdOn": "2016-09-28T12:50:14.406Z",
      "rating": 0,
      "comments": [],
      "user": {
        "id": "73a58989-5107-46e8-b781-4380f6c1c0b1",
        "username": "Doncho"
      },
      "id": "cec2f5a5-d79e-41f7-9b5b-fcc364f776f7"
    },
    {
      "title": "book #6",
      "description": "description of book #$i",
      "createdOn": "2016-09-28T12:50:14.992Z",
      "rating": 0,
      "comments": [],
      "user": {
        "id": "73a58989-5107-46e8-b781-4380f6c1c0b1",
        "username": "Doncho"
      },
      "id": "cb87a57d-8a7e-4ad6-8594-2b1c9a87cb84"
    },
    {
      "title": "book #7",
      "description": "description of book #$i",
      "createdOn": "2016-09-28T12:50:15.055Z",
      "rating": 0,
      "comments": [],
      "user": {
        "id": "73a58989-5107-46e8-b781-4380f6c1c0b1",
        "username": "Doncho"
      },
      "id": "55105362-00ab-4f8c-9d72-eea1d3a28fd3"
    },
    {
      "title": "book #8",
      "description": "description of book #$i",
      "createdOn": "2016-09-28T12:50:15.683Z",
      "rating": 0,
      "comments": [],
      "user": {
        "id": "73a58989-5107-46e8-b781-4380f6c1c0b1",
        "username": "Doncho"
      },
      "id": "15925669-ac41-4183-a84b-1bead97d7f49"
    },
    {
      "title": "book #9",
      "description": "description of book #$i",
      "createdOn": "2016-09-28T12:50:15.763Z",
      "rating": 0,
      "comments": [],
      "user": {
        "id": "73a58989-5107-46e8-b781-4380f6c1c0b1",
        "username": "Doncho"
      },
      "id": "4d7cc2dd-ef6c-4d26-939b-345ea9874a7f"
    },
    {
      "title": "book #10",
      "description": "description of book #$i",
      "createdOn": "2016-09-28T12:50:15.808Z",
      "rating": 0,
      "comments": [],
      "user": {
        "id": "73a58989-5107-46e8-b781-4380f6c1c0b1",
        "username": "Doncho"
      },
      "id": "ffafd855-f6e8-480f-87f8-1ed61fb202fa"
    },
    {
      "title": "It works!",
      "description": "Should be ok",
      "createdOn": "2016-10-04T07:43:03.286Z",
      "rating": 0,
      "comments": [],
      "user": {
        "id": "73a58989-5107-46e8-b781-4380f6c1c0b1",
        "username": "Doncho"
      },
      "id": "47f3ae36-6dac-44ce-8684-5a73c9eb1611"
    },
    {
      "title": "It works!",
      "description": "",
      "createdOn": "2016-10-04T07:43:20.148Z",
      "rating": 0,
      "comments": [],
      "user": {
        "id": "73a58989-5107-46e8-b781-4380f6c1c0b1",
        "username": "Doncho"
      },
      "id": "17890fff-e311-4196-8346-0d8a57d81e02"
    },
    {
      "title": "It works",
      "description": "",
      "createdOn": "2016-10-04T07:43:29.803Z",
      "rating": 0,
      "comments": [
        {
          "text": "1234",
          "user": {
            "id": "73a58989-5107-46e8-b781-4380f6c1c0b1",
            "username": "Doncho"
          }
        },
        {
          "text": "123",
          "user": {
            "id": "73a58989-5107-46e8-b781-4380f6c1c0b1",
            "username": "Doncho"
          }
        }
      ],
      "user": {
        "id": "73a58989-5107-46e8-b781-4380f6c1c0b1",
        "username": "Doncho"
      },
      "id": "c4333e8b-cf11-44cb-bc44-bd9e7a5bf1dd"
    },
    {
      "title": "my new material",
      "description": "asdffffffff",
      "createdOn": "2016-10-04T11:48:02.720Z",
      "rating": 0,
      "comments": [],
      "user": {
        "id": "039d910a-b114-40fe-bc19-2afe1a402645",
        "username": "123123"
      },
      "id": "b9e7a41f-3b45-49cd-a065-07eed0ce35b9"
    },
    {
      "title": "images",
      "description": "testings",
      "img": "http://ghk.h-cdn.co/assets/15/17/980x490/gallery-1429890420-new-york.jpg",
      "createdOn": "2016-10-04T11:49:33.381Z",
      "rating": 0,
      "comments": [
        {
          "text": "commment commment commment ",
          "user": {
            "id": "039d910a-b114-40fe-bc19-2afe1a402645",
            "username": "123123"
          }
        },
        {
          "text": "commment commment commment ",
          "user": {
            "id": "039d910a-b114-40fe-bc19-2afe1a402645",
            "username": "123123"
          }
        },
        {
          "text": "commment commment commment ",
          "user": {
            "id": "039d910a-b114-40fe-bc19-2afe1a402645",
            "username": "123123"
          }
        },
        {
          "text": "commment commment commment ",
          "user": {
            "id": "039d910a-b114-40fe-bc19-2afe1a402645",
            "username": "123123"
          }
        },
        {
          "text": "commment commment commment ",
          "user": {
            "id": "039d910a-b114-40fe-bc19-2afe1a402645",
            "username": "123123"
          }
        },
        {
          "text": "commment commment commment ",
          "user": {
            "id": "039d910a-b114-40fe-bc19-2afe1a402645",
            "username": "123123"
          }
        }
      ],
      "user": {
        "id": "039d910a-b114-40fe-bc19-2afe1a402645",
        "username": "123123"
      },
      "id": "652e8baa-3aef-4ea8-b364-9421688e90f0"
    },
    {
      "title": "images",
      "description": "testings",
      "img": "http://ghk.h-cdn.co/assets/15/17/980x490/gallery-1429890420-new-york.jpg",
      "createdOn": "2016-10-04T11:49:34.418Z",
      "rating": 0,
      "comments": [],
      "user": {
        "id": "039d910a-b114-40fe-bc19-2afe1a402645",
        "username": "123123"
      },
      "id": "a4fd72ea-f479-4c46-9249-de77341c7d59"
    },
    {
      "title": "images",
      "description": "testings",
      "img": "http://ghk.h-cdn.co/assets/15/17/980x490/gallery-1429890420-new-york.jpg",
      "createdOn": "2016-10-04T11:49:35.057Z",
      "rating": 0,
      "comments": [],
      "user": {
        "id": "039d910a-b114-40fe-bc19-2afe1a402645",
        "username": "123123"
      },
      "id": "58400ad8-ffad-4496-a318-3d4af5a6db90"
    },
    {
      "title": "images",
      "description": "testings",
      "img": "http://ghk.h-cdn.co/assets/15/17/980x490/gallery-1429890420-new-york.jpg",
      "createdOn": "2016-10-04T11:49:35.225Z",
      "rating": 0,
      "comments": [],
      "user": {
        "id": "039d910a-b114-40fe-bc19-2afe1a402645",
        "username": "123123"
      },
      "id": "47eb1deb-070a-4144-a8e1-f3fbdc46c16a"
    },
    {
      "title": "images",
      "description": "testings",
      "img": "",
      "createdOn": "2016-10-04T11:49:43.590Z",
      "rating": 0,
      "comments": [],
      "user": {
        "id": "039d910a-b114-40fe-bc19-2afe1a402645",
        "username": "123123"
      },
      "id": "6a3dbd6e-9235-440e-a1a6-738b1a8a78f8"
    },
    {
      "title": "images",
      "description": "testings",
      "img": "",
      "createdOn": "2016-10-04T11:49:44.625Z",
      "rating": 0,
      "comments": [],
      "user": {
        "id": "039d910a-b114-40fe-bc19-2afe1a402645",
        "username": "123123"
      },
      "id": "a7daa324-162f-4a74-bf5d-cd27888caa86"
    },
    {
      "title": "images",
      "description": "testings",
      "img": "",
      "createdOn": "2016-10-04T11:49:44.780Z",
      "rating": 0,
      "comments": [],
      "user": {
        "id": "039d910a-b114-40fe-bc19-2afe1a402645",
        "username": "123123"
      },
      "id": "e0e380c9-0258-452f-9cea-e8778df906cf"
    },
    {
      "title": "images",
      "description": "testing",
      "img": "",
      "createdOn": "2016-10-04T11:49:50.313Z",
      "rating": 0,
      "comments": [
        {
          "text": "new commmnet",
          "user": {
            "id": "039d910a-b114-40fe-bc19-2afe1a402645",
            "username": "123123"
          }
        },
        {
          "text": "anotehr new comment",
          "user": {
            "id": "039d910a-b114-40fe-bc19-2afe1a402645",
            "username": "123123"
          }
        }
      ],
      "user": {
        "id": "039d910a-b114-40fe-bc19-2afe1a402645",
        "username": "123123"
      },
      "id": "10a5a214-5e3f-41ea-bb7d-a04283f3695c"
    },
    {
      "title": "image testin",
      "description": "again",
      "img": "https://www.enterprise.ca/content/dam/global-vehicle-images/cars/CHRY_200_2015.png",
      "createdOn": "2016-10-04T11:50:20.269Z",
      "rating": 0,
      "comments": [
        {
          "text": "blah blah ",
          "user": {
            "id": "039d910a-b114-40fe-bc19-2afe1a402645",
            "username": "123123"
          }
        }
      ],
      "user": {
        "id": "039d910a-b114-40fe-bc19-2afe1a402645",
        "username": "123123"
      },
      "id": "c193f04d-ee4d-4335-9822-851dbaed42bf"
    },
    {
      "title": "anotehr new ",
      "description": "awesome material",
      "img": "",
      "createdOn": "2016-10-04T12:24:11.186Z",
      "rating": 0,
      "comments": [],
      "user": {
        "id": "039d910a-b114-40fe-bc19-2afe1a402645",
        "username": "123123"
      },
      "id": "9f470ea5-6fec-4991-adcb-75dbf1b8ac13"
    },
    {
      "title": "another new material",
      "description": " blah blah blahblah blah blahblah blah blahblah blah blahblah blah blah",
      "img": "",
      "createdOn": "2016-10-04T12:24:27.191Z",
      "rating": 0,
      "comments": [
        {
          "text": "asdf",
          "user": {
            "id": "039d910a-b114-40fe-bc19-2afe1a402645",
            "username": "123123"
          }
        },
        {
          "text": "dfg",
          "user": {
            "id": "039d910a-b114-40fe-bc19-2afe1a402645",
            "username": "123123"
          }
        }
      ],
      "user": {
        "id": "039d910a-b114-40fe-bc19-2afe1a402645",
        "username": "123123"
      },
      "id": "f6270540-4a1a-465b-8935-f34dd9108fc6"
    }
  ]
}