﻿<?xml version="1.0" encoding="utf-8"?>
<superheroes>
  <superhero id="1">
    <name>Batman</name>
    <secretIdentity>Bruce Wayne</secretIdentity>
    <alignment>Good</alignment>
    <powers>
      <power>Utility belt</power>
      <power>Intelligence</power>
      <power>Martial arts</power>
    </powers>
    <city>Gotham, USA, Earth</city>
  </superhero>
  <superhero id="2">
    <name>Nightwing</name>
    <secretIdentity>Dick Grayson</secretIdentity>
    <alignment>Good</alignment>
    <powers>
      <power>Martial arts</power>
      <power>Acrobatics</power>
    </powers>
    <city>Gotham, USA, Earth</city>
  </superhero>
  <superhero id="3">
    <name>Ironman</name>
    <secretIdentity>Tonny Stark</secretIdentity>
    <alignment>Good</alignment>
    <powers>
      <power>Intelligence</power>
      <power>Big robot suit</power>
    </powers>
    <city>New York, USA, Earth</city>
  </superhero>
  <superhero id="4">
    <name>Dr. Stephen Strange</name>
    <secretIdentity>Dr. Stephen Strange</secretIdentity>
    <alignment>Good</alignment>
    <powers>
      <power>Martial arts</power>
      <power>Magic</power>
      <power>Dimensional travel</power>
    </powers>
    <city>New York, USA, Earth</city>
  </superhero>
  <superhero id="5">
    <name>The Joker</name>
    <secretIdentity>Unknown</secretIdentity>
    <alignment>Evil</alignment>
    <powers>
      <power>Crazy</power>
      <power>Much evil</power>
    </powers>
    <city>Gotham, USA, Earth</city>
  </superhero>
  <superhero id="6">
    <name>Thanos</name>
    <secretIdentity>Thanos</secretIdentity>
    <alignment>Evil</alignment>
    <powers>
      <power>Super strength</power>
      <power>Telekinesis</power>
      <power>Telepathy</power>
      <power>Matter manipulation</power>
    </powers>
    <city>Unknown, Titan, Saturn</city>
  </superhero>
  <superhero id="7">
    <name>Deadpool</name>
    <secretIdentity>Wade Wilson</secretIdentity>
    <alignment>Evil</alignment>
    <powers>
      <power>Martial arts</power>
      <power>Healing</power>
    </powers>
    <city>Detroit, USA, Earth</city>
  </superhero>
</superheroes>