﻿<?xml version="1.0" encoding="utf-8"?>
<superhero id="1">
  <name>Batman</name>
  <secretIdentity>Bruce Wayne</secretIdentity>
  <alignment>Good</alignment>
  <powers>
    <power>Utility belt</power>
    <power>Intelligence</power>
    <power>Martial arts</power>
  </powers>
  <fractions>
    <fraction id="1">Justice League</fraction>
    <fraction id="2">The Bat Family</fraction>
  </fractions>
  <city>Gotham, USA, Earth</city>
  <story>After losing his parents...</story>
</superhero>